Wayne Fay <wayne...@gmail.com>
Adrien Rivard <adrien.riv...@gmail.com>
Jock924491 <Jock924...@yahoo.com>
Wayne Fay <wayne...@gmail.com>
Wayne Fay <wayne...@gmail.com>
"Robert Scholte" <rfscho...@apache.org>
Wayne Fay <wayne...@gmail.com>
Wayne Fay <wayne...@gmail.com>
"Mauri, Richard" <richard.ma...@sap.com>
Wayne Fay <wayne...@gmail.com>
Wayne Fay <wayne...@gmail.com>
Wayne Fay <wayne...@gmail.com>
Jock924491 <Jock924...@yahoo.com>
Max Calderoni <max.calder...@gmail.com>
Anders Hammar <and...@hammar.net>
Anders Hammar <and...@hammar.net>
