Stephen Connolly <stephen.alan.conno...@gmail.com>
"Mark H. Wood" <mw...@IUPUI.Edu>
Stephen Connolly <stephen.alan.conno...@gmail.com>
Stephen Connolly <stephen.alan.conno...@gmail.com>
Curtis Rueden <ctrue...@wisc.edu>
"Will Hoover" <java.whoo...@gmail.com>
Mikael Petterson <mikael.petter...@ericsson.com>
"KARR, DAVID" <dk0...@att.com>
Todd Chapman <t...@chaka.net>
Stephen Connolly <stephen.alan.conno...@gmail.com>
Javier Murciego <javier.murci...@gmail.com>
Stephen Connolly <stephen.alan.conno...@gmail.com>
Tim Pizey <t...@paneris.org>
Stephen Connolly <stephen.alan.conno...@gmail.com>
Stephen Connolly <stephen.alan.conno...@gmail.com>
Baptiste Mathus ...@batmat.net>
"Will Hoover" <java.whoo...@gmail.com>
Martin Gainty <mgai...@hotmail.com>
Anders Hammar <and...@hammar.net>
Stephen Connolly <stephen.alan.conno...@gmail.com>
Mikael Petterson <mikael.petter...@ericsson.com>
"Mark H. Wood" <mw...@IUPUI.Edu>
Stephen Connolly <stephen.alan.conno...@gmail.com>
Baptiste Mathus ...@batmat.net>
Kristian Rosenvold <kristian.rosenv...@gmail.com>
Justin Georgeson <JGeorge...@lgc.com>
"KARR, DAVID" <dk0...@att.com>
Stephen Connolly <stephen.alan.conno...@gmail.com>
Barrie Treloar <baerr...@gmail.com>
Thomas Broyer <t.bro...@gmail.com>
"S. Ali Tokmen" <nos...@alishomepage.com>
"KARR, DAVID" <dk0...@att.com>
Adam Retter <adam.ret...@googlemail.com>
Stephen Connolly <stephen.alan.conno...@gmail.com>
Stephen Connolly <stephen.alan.conno...@gmail.com>
Mikael Petterson <mikael.petter...@ericsson.com>
Stephen Connolly <stephen.alan.conno...@gmail.com>
Barrie Treloar <baerr...@gmail.com>
Paul Benedict <pbened...@apache.org>
Stephen Connolly <stephen.alan.conno...@gmail.com>
Barrie Treloar <baerr...@gmail.com>
